,angle,period,uncertainty
0,0.01,2.0063277573939504,0.002894491127848654
1,0.2,2.0065172996282414,0.0028946094256525542
2,0.4,2.010226763470382,0.002894964377211504
3,0.5,2.01391904937821,0.002895229728472303
4,0.7853981633974483,2.0350587138260483,0.0028963027756127614
